,,,,,,,,H.1.D,,,,,,,,,,,,,,,,,
,,,,,,,M.2.A,A,V,,,,,,,,,,,,,,,,
,,,,,,,,L,,,,,S.3.D,,,,,,,,,,,,
,,,,,,,,L,,,,,I,,,,,,,F,,,,,
,,,,,,,,E.5.A,D,A,M.6.D,A,M,E,,,,,,I,,,G,,
,,,,,,,,,,,U,,S,,,,,,,N,,,O,,
P,A,G,S,,,,,,,,S,,,H.11.D,,,,,,N,A,Y,L,O,R
,,R,,,,,S,M,O,O,T,H,I,E,S,,,,,,B,,F,,
P,I,I,C,K,L,E,,,,,A,,,A,,,,,,,I,,,,
,,L,,R,,,,,N.17.A,U,N,W,I,T,H,A,G,U,N,,G,,,T,
,,L,,I,,,S,,,,G,,,H,,,,,,,A,,,I,
,,,,S,E,A,H,A,W,K,S,,T,E,R,R,I,Y,A,K,I,,,N,
S,W,I,F,T,,,I,,,,,W,,R,,,,,,,L,O,R,A,X
,,,,E,,,R,,H,O,M,O,P,H,O,B,I,C,,,,,,,
A,T,H,E,N,A,,L,,,,,O,,O,,,,,,,,,,,
,,,,,,,E,,,,,,,M,,,,,,,,,,,
,,,,C,O,B,Y,,,L,A,U,F,E,Y,,,,,,,,,,
